url	filename
https://s3.reg.solutions/6dae29aa-f330-44ff-8818-1ab5a026f618/images/0278e105-af67-4608-9372-31875b5c92a1-shutterstock_1193059921.jpg	0278e105-af67-4608-9372-31875b5c92a1-shutterstock_1193059921.jpg
https://s3.reg.solutions/6dae29aa-f330-44ff-8818-1ab5a026f618/images/0442f45d-cec6-4c98-9ab2-87f3d1a5b09e-img-20251211-wa0009.jpeg	0442f45d-cec6-4c98-9ab2-87f3d1a5b09e-img-20251211-wa0009.jpeg
https://s3.reg.solutions/6dae29aa-f330-44ff-8818-1ab5a026f618/images/0b3b163f-c543-4296-85b7-e1cb206f91fd-_n0i46ywlg.webp	0b3b163f-c543-4296-85b7-e1cb206f91fd-_n0i46ywlg.webp
https://s3.reg.solutions/6dae29aa-f330-44ff-8818-1ab5a026f618/images/0e44492b-d6b6-4f57-b9d7-403a814d6a47-воздушнаясистемааспирациисушильногоучастка.jpg	0e44492b-d6b6-4f57-b9d7-403a814d6a47-воздушнаясистемааспирациисушильногоучастка.jpg
https://s3.reg.solutions/6dae29aa-f330-44ff-8818-1ab5a026f618/images/1c502933-1f49-4e6f-a3ab-a7f212df36f6-shutterstock_63581653.jpg	1c502933-1f49-4e6f-a3ab-a7f212df36f6-shutterstock_63581653.jpg
https://s3.reg.solutions/6dae29aa-f330-44ff-8818-1ab5a026f618/images/216a6a54-6e68-462e-9eea-853db65a9c0c-_p3krsuhmb.webp	216a6a54-6e68-462e-9eea-853db65a9c0c-_p3krsuhmb.webp
https://s3.reg.solutions/6dae29aa-f330-44ff-8818-1ab5a026f618/images/21cbb92b-4b1f-4130-9acf-9e6e6b5a5035-chipper1.png	21cbb92b-4b1f-4130-9acf-9e6e6b5a5035-chipper1.png
https://s3.reg.solutions/6dae29aa-f330-44ff-8818-1ab5a026f618/images/24506eaf-203c-424b-a077-5dd9707788d7-photo_2026-01-24_22-11-09.jpg	24506eaf-203c-424b-a077-5dd9707788d7-photo_2026-01-24_22-11-09.jpg
https://s3.reg.solutions/6dae29aa-f330-44ff-8818-1ab5a026f618/images/29bc03be-73ab-43ed-af46-5468ee19c1d7-lisco_1.jpg	29bc03be-73ab-43ed-af46-5468ee19c1d7-lisco_1.jpg
https://s3.reg.solutions/6dae29aa-f330-44ff-8818-1ab5a026f618/images/29562e0e-584e-4c6e-93e7-399afcd01f3c-5465468428626891113.jpg	29562e0e-584e-4c6e-93e7-399afcd01f3c-5465468428626891113.jpg
https://s3.reg.solutions/6dae29aa-f330-44ff-8818-1ab5a026f618/images/35811abf-f4c5-4492-a697-cb6a0b96c9a5-web_7900+feedermixer.jpg	35811abf-f4c5-4492-a697-cb6a0b96c9a5-web_7900+feedermixer.jpg
https://s3.reg.solutions/6dae29aa-f330-44ff-8818-1ab5a026f618/images/38e2fdf9-66dc-4776-9177-10244f2cacd3-1409661538_68h6srsqw90.jpg	38e2fdf9-66dc-4776-9177-10244f2cacd3-1409661538_68h6srsqw90.jpg
https://s3.reg.solutions/6dae29aa-f330-44ff-8818-1ab5a026f618/images/4209a92e-3d71-47dd-a61b-affcc1716b39-pallets100.jpg	4209a92e-3d71-47dd-a61b-affcc1716b39-pallets100.jpg
https://s3.reg.solutions/6dae29aa-f330-44ff-8818-1ab5a026f618/images/449ab373-d0b7-4270-a880-b566c06bed30-ac-4_model.jpg	449ab373-d0b7-4270-a880-b566c06bed30-ac-4_model.jpg
https://s3.reg.solutions/6dae29aa-f330-44ff-8818-1ab5a026f618/images/48fffbca-f3a9-4902-b784-79868046320e-7-1.jpg	48fffbca-f3a9-4902-b784-79868046320e-7-1.jpg
https://s3.reg.solutions/6dae29aa-f330-44ff-8818-1ab5a026f618/images/523a0bf8-43fa-436c-bf36-6e3d501c2d7b-briquettes_ruf_wood_briquette_sawdust_briquettes.jpg	523a0bf8-43fa-436c-bf36-6e3d501c2d7b-briquettes_ruf_wood_briquette_sawdust_briquettes.jpg
https://s3.reg.solutions/6dae29aa-f330-44ff-8818-1ab5a026f618/images/5b1803a8-ec9a-48c5-8381-0f28d5a1dc63-img_3616.jpg	5b1803a8-ec9a-48c5-8381-0f28d5a1dc63-img_3616.jpg
https://s3.reg.solutions/6dae29aa-f330-44ff-8818-1ab5a026f618/images/60e473cb-7f17-49d3-a324-6e377e1c4087-sample_pic.png	60e473cb-7f17-49d3-a324-6e377e1c4087-sample_pic.png
https://s3.reg.solutions/6dae29aa-f330-44ff-8818-1ab5a026f618/images/617600e2-4f63-4b64-8db5-556bb13e0d10-_bw8ta1c4x.webp	617600e2-4f63-4b64-8db5-556bb13e0d10-_bw8ta1c4x.webp
https://s3.reg.solutions/6dae29aa-f330-44ff-8818-1ab5a026f618/images/62474bcb-d690-46b1-8de2-b27e759fe29b-5_6tph3xас4_2000_2.jpg	62474bcb-d690-46b1-8de2-b27e759fe29b-5_6tph3xас4_2000_2.jpg
https://s3.reg.solutions/6dae29aa-f330-44ff-8818-1ab5a026f618/images/64449c5b-282d-48cf-9889-6afe2c037ce0-pallets1.jpg	64449c5b-282d-48cf-9889-6afe2c037ce0-pallets1.jpg
https://s3.reg.solutions/6dae29aa-f330-44ff-8818-1ab5a026f618/images/6a5ee741-337b-4910-9ac3-871b44d23abd-eggs1.jpg	6a5ee741-337b-4910-9ac3-871b44d23abd-eggs1.jpg
https://s3.reg.solutions/6dae29aa-f330-44ff-8818-1ab5a026f618/images/6abf9f41-f61a-4361-ae38-c602b749b624-fezerchipper.jpg	6abf9f41-f61a-4361-ae38-c602b749b624-fezerchipper.jpg
https://s3.reg.solutions/6dae29aa-f330-44ff-8818-1ab5a026f618/images/723cda98-16ae-4110-8fa9-b78f0c466402-—pngtree—industryplantandchimneys_14689551.png	723cda98-16ae-4110-8fa9-b78f0c466402-—pngtree—industryplantandchimneys_14689551.png
https://s3.reg.solutions/6dae29aa-f330-44ff-8818-1ab5a026f618/images/75347899-29ef-4c66-aeb9-2a32be152029-liquiddryerfoto.jpg	75347899-29ef-4c66-aeb9-2a32be152029-liquiddryerfoto.jpg
https://s3.reg.solutions/6dae29aa-f330-44ff-8818-1ab5a026f618/images/7bfe37a3-bbd5-4c71-accf-a35f7107e1cd-palletscustom.jpg	7bfe37a3-bbd5-4c71-accf-a35f7107e1cd-palletscustom.jpg
https://s3.reg.solutions/6dae29aa-f330-44ff-8818-1ab5a026f618/images/8cef38d9-488b-4428-ac70-d9179e1b4660-gainsilo.png	8cef38d9-488b-4428-ac70-d9179e1b4660-gainsilo.png
https://s3.reg.solutions/6dae29aa-f330-44ff-8818-1ab5a026f618/images/90067247-59ff-4624-9bbe-e80d5207bb67-vihr_samples.png	90067247-59ff-4624-9bbe-e80d5207bb67-vihr_samples.png
https://s3.reg.solutions/6dae29aa-f330-44ff-8818-1ab5a026f618/images/9c2b0f4c-1169-4f1c-a213-1bcd1891d67b-dsc06411.jpg	9c2b0f4c-1169-4f1c-a213-1bcd1891d67b-dsc06411.jpg
https://s3.reg.solutions/6dae29aa-f330-44ff-8818-1ab5a026f618/images/9ced61a5-78bc-48da-9da1-6b486bfb5c7f-shutterstock_285634610.jpg	9ced61a5-78bc-48da-9da1-6b486bfb5c7f-shutterstock_285634610.jpg
https://s3.reg.solutions/6dae29aa-f330-44ff-8818-1ab5a026f618/images/9f5a2f62-6677-4a59-87f0-5d3117d1df38-alfa_drum.jpg	9f5a2f62-6677-4a59-87f0-5d3117d1df38-alfa_drum.jpg
https://s3.reg.solutions/6dae29aa-f330-44ff-8818-1ab5a026f618/images/a1681e81-7799-4d97-b9b6-4207451d380d-_u8bmmjmv7.webp	a1681e81-7799-4d97-b9b6-4207451d380d-_u8bmmjmv7.webp
https://s3.reg.solutions/6dae29aa-f330-44ff-8818-1ab5a026f618/images/a2323a35-5f8d-497b-a618-62bbd6b0acfb-prodesadrumphoto1.jpg	a2323a35-5f8d-497b-a618-62bbd6b0acfb-prodesadrumphoto1.jpg
https://s3.reg.solutions/6dae29aa-f330-44ff-8818-1ab5a026f618/images/a33b8db3-e571-40ba-9444-070a8416563b-boiler-house1.jpg	a33b8db3-e571-40ba-9444-070a8416563b-boiler-house1.jpg
https://s3.reg.solutions/6dae29aa-f330-44ff-8818-1ab5a026f618/images/a7d9d952-0119-4cd1-ae3a-cb397b454ac2-img_6055.jpg	a7d9d952-0119-4cd1-ae3a-cb397b454ac2-img_6055.jpg
https://s3.reg.solutions/6dae29aa-f330-44ff-8818-1ab5a026f618/images/bac07d8b-84f5-4d50-a62f-120822eee8b7-img-20240911-wa0003.jpg	bac07d8b-84f5-4d50-a62f-120822eee8b7-img-20240911-wa0003.jpg
https://s3.reg.solutions/6dae29aa-f330-44ff-8818-1ab5a026f618/images/c95a9b79-bdb1-4629-9e0f-13c1f0231cf1-_xc6puryrz.webp	c95a9b79-bdb1-4629-9e0f-13c1f0231cf1-_xc6puryrz.webp
https://s3.reg.solutions/6dae29aa-f330-44ff-8818-1ab5a026f618/images/d0fadab4-63a3-48b3-a99e-91bc9bd2f4e9-1500-bp300.jpg	d0fadab4-63a3-48b3-a99e-91bc9bd2f4e9-1500-bp300.jpg
https://s3.reg.solutions/6dae29aa-f330-44ff-8818-1ab5a026f618/images/d11a6d57-35cf-4593-913f-20fd71a2da40-5_6tph3xас4_2000_1.jpg	d11a6d57-35cf-4593-913f-20fd71a2da40-5_6tph3xас4_2000_1.jpg
https://s3.reg.solutions/6dae29aa-f330-44ff-8818-1ab5a026f618/images/d746a85c-4db3-4ed0-8c2b-13ac8f28169c-nz_tg2.jpg	d746a85c-4db3-4ed0-8c2b-13ac8f28169c-nz_tg2.jpg
https://s3.reg.solutions/6dae29aa-f330-44ff-8818-1ab5a026f618/images/db224977-0e05-40fc-b063-bc9f3fc39910-img_6105.jpg	db224977-0e05-40fc-b063-bc9f3fc39910-img_6105.jpg
https://s3.reg.solutions/6dae29aa-f330-44ff-8818-1ab5a026f618/images/e35d5028-bdb0-414a-bab1-b2ae82ae8951-pini_pic1.png	e35d5028-bdb0-414a-bab1-b2ae82ae8951-pini_pic1.png
https://s3.reg.solutions/6dae29aa-f330-44ff-8818-1ab5a026f618/images/e4239533-5031-4f23-ba09-c039884f1cf8-323b8aa8-7430-476a-b7ab-c941173b927b--.png	e4239533-5031-4f23-ba09-c039884f1cf8-323b8aa8-7430-476a-b7ab-c941173b927b--.png
https://s3.reg.solutions/6dae29aa-f330-44ff-8818-1ab5a026f618/images/eec677cc-5a0f-4af4-a3a0-d7893227ad71-_znjejkf34.webp	eec677cc-5a0f-4af4-a3a0-d7893227ad71-_znjejkf34.webp
https://s3.reg.solutions/6dae29aa-f330-44ff-8818-1ab5a026f618/images/efc06e8d-9547-47ed-9b1a-1a518b215bc0-img-20240911-wa0004.jpg	efc06e8d-9547-47ed-9b1a-1a518b215bc0-img-20240911-wa0004.jpg
https://s3.reg.solutions/6dae29aa-f330-44ff-8818-1ab5a026f618/images/fff9eb5a-99fd-4d0d-88db-af2ac7bc21f2-img_6059.jpg	fff9eb5a-99fd-4d0d-88db-af2ac7bc21f2-img_6059.jpg
